<?xml version="1.0" encoding="UTF-8"?>
<manifest identifier="VISH_PRESENTATION_2" version="1.0" xmlns="http://www.imsproject.org/xsd/imscp_rootv1p1p2" xmlns:adlcp="http://www.adlnet.org/xsd/adlcp_rootv1p2" xmlns:xsi="http://www.w3.org/2001/XMLSchema-instance" xsi:schemaLocation="http://www.imsproject.org/xsd/imscp_rootv1p1p2 imscp_rootv1p1p2.xsd http://www.imsglobal.org/xsd/imsmd_rootv1p2p1 imsmd_rootv1p2p1.xsd http://www.adlnet.org/xsd/adlcp_rootv1p2 adlcp_rootv1p2.xsd">
  <metadata>
    <schema>ADL SCORM</schema>
    <schemaversion>1.2</schemaversion>
<lom xmlns="http://ltsc.ieee.org/xsd/LOM" xmlns:xsi="http://www.w3.org/2001/XMLSchema-instance" xsi:schemaLocation="http://ltsc.ieee.org/xsd/LOM lom.xsd">
  <general>
    <identifier>
      <catalog>URI</catalog>
      <entry>http://idem-example.com/presentations/2</entry>
    </identifier>
    <title>
      <string>Test</string>
    </title>
    <description>
      <string language="en">Test. A Virtual Presentation provided by http://idem-example.com.</string>
    </description>
    <structure>
      <source>LOMv1.0</source>
      <value>hierarchical</value>
    </structure>
    <aggregationLevel>
      <source>LOMv1.0</source>
      <value>2</value>
    </aggregationLevel>
  </general>
  <lifeCycle>
    <version>
      <string language="en">v2016.04.04</string>
    </version>
    <status>
      <source>LOMv1.0</source>
      <value>final</value>
    </status>
    <contribute>
      <role>
        <source>LOMv1.0</source>
        <value>author</value>
      </role>
      <entity>BEGIN:VCARD&amp;#xD;VERSION:3.0&amp;#xD;N:Aldo Gordillo&amp;#xD;FN:Aldo Gordillo&amp;#xD;END:VCARD</entity>
      <date>
        <dateTime>2016-04-04</dateTime>
        <description>
          <string language="en">This date represents the date the author finished the indicated version of the Learning Object.</string>
        </description>
      </date>
    </contribute>
    <contribute>
      <role>
        <source>LOMv1.0</source>
        <value>technical implementer</value>
      </role>
      <entity>BEGIN:VCARD&amp;#xD;VERSION:3.0&amp;#xD;N:Authoring Tool ViSH Editor v.0.9.3 (http://github.com/ging/vish_editor)&amp;#xD;FN:Authoring Tool ViSH Editor v.0.9.3 (http://github.com/ging/vish_editor)&amp;#xD;END:VCARD</entity>
    </contribute>
  </lifeCycle>
  <metaMetadata>
    <identifier>
      <catalog>URI</catalog>
      <entry>http://idem-example.com/presentations/2/metadata.xml</entry>
    </identifier>
    <contribute>
      <role>
        <source>LOMv1.0</source>
        <value>creator</value>
      </role>
      <entity>BEGIN:VCARD&amp;#xD;VERSION:3.0&amp;#xD;N:Aldo Gordillo&amp;#xD;FN:Aldo Gordillo&amp;#xD;END:VCARD</entity>
      <date>
        <dateTime>2016-04-04</dateTime>
        <description>
          <string language="en">This date represents the date the author finished authoring the metadata of the indicated version of the Learning Object.</string>
        </description>
      </date>
    </contribute>
    <metadataSchema>LOMv1.0</metadataSchema>
    <language>en</language>
  </metaMetadata>
  <technical>
    <format>text/html</format>
    <location>http://idem-example.com/presentations/2</location>
    <requirement>
      <orComposite>
        <type>
          <source>LOMv1.0</source>
          <value>browser</value>
        </type>
        <name>
          <source>LOMv1.0</source>
          <value>any</value>
        </name>
      </orComposite>
    </requirement>
    <installationRemarks>
      <string language="en">Unzip the zip file and launch presentation.html in your browser.</string>
    </installationRemarks>
    <otherPlatformRequirements>
      <string language="en">HTML5-compliant web browser and ViSH Viewer v.0.9.3 (http://github.com/ging/vish_editor).</string>
    </otherPlatformRequirements>
  </technical>
  <educational>
    <interactivityType>
      <source>LOMv1.0</source>
      <value>mixed</value>
    </interactivityType>
    <learningResourceType>
      <source>LOMv1.0</source>
      <value>lecture</value>
    </learningResourceType>
    <learningResourceType>
      <source>LOMv1.0</source>
      <value>slide</value>
    </learningResourceType>
    <learningResourceType>
      <source>LOMv1.0</source>
      <value>narrative text</value>
    </learningResourceType>
    <interactivityLevel>
      <source>LOMv1.0</source>
      <value>very high</value>
    </interactivityLevel>
    <intendedEndUserRole>
      <source>LOMv1.0</source>
      <value>learner</value>
    </intendedEndUserRole>
    <context>
      <source>LOMv1.0</source>
      <value>other</value>
    </context>
  </educational>
  <rights>
    <cost>
      <source>LOMv1.0</source>
      <value>no</value>
    </cost>
    <copyrightAndOtherRestrictions>
      <source>LOMv1.0</source>
      <value>yes</value>
    </copyrightAndOtherRestrictions>
    <description>
      <string language="en">License: 'Creative Commons Reconocimiento-NoComercial'. For additional information or questions regarding copyright, distribution and reproduction, visit http://idem-example.com/terms_of_use .</string>
    </description>
  </rights>
</lom>
  </metadata>
  <organizations default="defaultOrganization">
    <organization identifier="defaultOrganization">
      <title>Test</title>
      <item identifier="PRESENTATION_2" identifierref="PRESENTATION_2_RESOURCE" isvisible="true">
        <title>Test</title>
        <adlcp:masteryscore>
50        </adlcp:masteryscore>
      </item>
    </organization>
  </organizations>
  <resources>
    <resource identifier="PRESENTATION_2_RESOURCE" type="webcontent" href="presentation.html" adlcp:scormtype="sco">
      <file href="presentation.html"/>
    </resource>
  </resources>
</manifest>
